{
    "flower": {
        "3": [
            -6.381651583474816, 8.774518187358503, -6.3816484429016835, -6.3816484429016835, 0.0, -6.3816484429016835,
            -6.3816484429016835, -6.3816484429016835, 8.774518187358503, 8.774518187358503, -3.9887797453025313
        ],
        "4": [
            -5.023339599314551, -5.6986117713408975, -4.967365579928571, -4.839506786618266, 0.0, -4.734095715804649,
            -4.672811276405928, -4.672809783297511, 10.970191817579593, 9.905220335125057, -3.433282090001441
        ],
        "5": [
            -0.7419943113251053, -2.200105339091331, -4.029426787743164, -3.9854044816156153, 0.0, -3.1907549543543947,
            0.2150594546101396, -3.0767234957064744, 6.579560316714809, 4.614402393561804, -1.1630774409898677
        ],
        "6": [
            -18.103805985843152, 0.6608867054257759, -26.85725540780007, -26.554449901721725, 0.0, -26.78594291088122,
            -26.99183282332958, -27.151216693591994, 19.534068941903808, 19.48949470212284, -18.793342228952877
        ],
        "7": [
            -5.31254568733119, -3.923937115320084, -24.210401169490382, -23.188996278926364, 0.0, -23.366492521349056,
            -16.097444906154063, -16.280251971094646, 12.665447081124727, 13.076804772727684, -12.376831113687507
        ],
        "8": [
            -4.736835693572812, 3.148071972209622, -17.657431136182048, -19.339538702893016, 0.0, -17.08210878207948,
            -18.17141058671188, -17.74040004601138, 7.2818745863308845, 11.139511456586842, -9.144783366540386
        ]
    },
    "plume": {
        "3": [
            0.0, 8.887384286404314, -6.758376655137717, -5.939431586887392, -5.939416350951697, -5.711067449577839,
            -5.711067449577839, -5.521782144890589, 8.648465460948652, 7.649879788072162, -3.4651373671993255
        ],
        "4": [
            0.0, -4.118639780302453, -6.023677339617825, -4.67975017025315, -3.739458278260337, -3.7393168363500755,
            -3.1458508941992602, -2.0585443357121327, 9.638452465246692, 8.793729554463352, -2.2682639037462913
        ],
        "5": [
            0.0, 0.2483881533600352, -7.509888983542883, -7.299916718372606, -6.240347637605836, -5.883390531920754,
            -5.896870008828303, -5.653721375564525, 8.292816759661518, 8.3094215099103, -4.326701766580604
        ],
        "6": [
            0.0, 7.265515771944482, -14.16931550285029, -15.553100195089671, -13.005591329409453, -12.987484535708012,
            -14.38329799881574, -13.07841837741213, 19.557591489421068, 7.706366002969807, -8.1079557791584
        ],
        "7": [
            0.0, 0.03305875958820717, -5.801249036375034, -8.838967066425884, -11.304240375510712, -11.603288596069213,
            -9.24987248996755, -13.269178695918852, 7.9571755491328275, 6.962793198959334, -6.444824107512394
        ],
        "8": [
            0.0, -1.5039648996863646, -6.135426551808473, -7.175953892292436, -7.062430177977385, -0.9734414896154577,
            -6.91563993696007, -4.360917920605668, 5.728630429384435, 6.5341375034499665, -2.7331258670139285
        ]
    },
    "sands": {
        "3": [
            -3.450009612765683, -3.450009612765683, -2.7791993388733442, -2.7791993388733442, -2.7791993388733442,
            -2.7791993388733442, 0.0, -2.7791993388733442, 12.627044753547375, 12.627044753547375, 1.4860245290655563
        ],
        "4": [
            -3.422857361076302, -1.4081836919664652, -1.8404679607621994, -2.2937817702219387, -2.214995647015853,
            -2.214995647015853, 0.0, -2.20142477566769, 12.350671205124506, 12.300612987016196, 2.263644334603617
        ],
        "5": [
            1.2372900599147763, 5.859410071500175, -4.953895534842336, -4.919211643678547, -6.104081911348648,
            -6.437397560365636, 0.0, -7.687559481913168, 6.111210564959445, 5.958391603411224, -2.1871687664725177
        ],
        "6": [
            0.11315466519330583, 12.247148705853313, -6.607568151127397, -12.334487714657937, -13.043823328688983,
            -13.368787205336966, 0.0, -12.003664886195297, 7.7210916143641075, 7.97007865981901, -4.8844762734628
        ],
        "7": [
            -3.598291304330029, 0.8121006090902324, -3.957566014519095, -12.188950162074244, -2.9221793521672996,
            -2.6369137636329922, 0.0, -2.5527393135705285, 10.754886815991565, 6.498310805284377, -1.398763097132565
        ],
        "8": [
            -9.645608785550701, 1.6148293464734471, -6.17039149761474, -5.935339406871641, -14.621174810522744,
            -12.488309297217226, 0.0, -15.51893224636685, 6.598753393097094, 14.301549788920447, -5.233077939456636
        ]
    },
    "goblet": {
        "3": [
            -2.7666441009255514, -4.1974347835546695, -2.7666441009255514, -2.486124097676666, -2.486124097676665,
            -2.197973361429486, -2.197973361429486, -2.197973361429486, 12.709861091482155, 12.709861091482155,
            1.3742769726388873
        ],
        "4": [
            1.2022391333197653, -10.328133560073336, -8.423312229319809, -8.427865496680996, -8.432377657767915,
            -6.147089814585512, 3.816040561356845, -6.160264444429296, 15.038684545659136, 13.199792112084435,
            -3.665571712609158
        ],
        "5": [
            -6.277887408165387, -3.521516207296678, -5.018431197474273, -4.527248217561583, -11.232704228764492,
            -3.8303887054522563, -8.736174888954425, -8.780244704926139, 11.39866417253044, 9.628860333249605,
            -6.179414210563034
        ],
        "6": [
            -7.833516659033104, 1.3565574600509935, -9.020240239851704, -8.875713998247395, -8.603550359163501,
            -8.187272612910377, -7.891181189279928, -8.878318876373413, 26.616239915490006, 4.612505979592057,
            -4.450748429954407
        ],
        "7": [
            -8.6538981755036, -6.637468963926909, -9.534373255670474, -14.667499666919964, -12.343545602336222,
            -13.03411513698404, -11.33539971068396, -0.0345298400781974, 13.061742345158079, 12.653266256780372,
            -7.217974535737292
        ],
        "8": [
            -9.351675825085357, -6.478112725119384, -8.239380365051403, -10.088616794655977, -8.422655535810884,
            -7.6648411208319605, -0.3634503511449875, -9.366393707931334, 8.921124493915242, 14.315918632681983,
            -4.592260412379217
        ]
    },
    "circlet": {
        "3": [
            -2.52208419369976, 11.5906727989315, -2.780652664179006, -3.2635210887319817, -3.197464242412305,
            -2.8243112861813073, -3.0730016383950014, -3.2655079784924435, 0.0, 12.145470384609522, 0.9365333638164209
        ],
        "4": [
            -4.6514128142359095, 9.977944105728373, -5.342432802015432, -5.345595848662984, -4.3779356736373245,
            -4.5407847889989155, -4.603324822335513, -4.493458187784414, 0.0, 10.37818407529058, -3.249704189162885
        ],
        "5": [
            -6.727640540225607, 7.3156579126076755, -6.805647666804849, -6.148539695228534, -5.82203888253221,
            -5.901393242700051, -5.968513179205765, -4.77585393858658, 0.0, 21.655246005000034, -2.635744645535185
        ],
        "6": [
            -0.15449477881469828, -0.8845282422188133, -0.07243872466579063, -0.06519968887288433, -3.76412941297081,
            -3.462523547393929, -3.526945262012722, -3.5435323682876976, 0.0, 10.510612970896098, -0.8271965090568778
        ],
        "7": [
            -0.8724320531788975, -0.25800594808613253, -0.5353994852245071, -3.8197695011874058, -0.7389844907874569,
            -1.903862590024272, -3.4669247115883355, -1.5527314852079126, 0.0, 9.289710323480666, -0.5511999916863194
        ],
        "8": [
            -1.4755899313372576, -3.053934100806954, -0.6820037514997296, -1.0626919410567062, -0.6721064660526349,
            -0.07501459867894031, -0.07501504429464935, -0.3755936657589653, 0.0, 6.006013047190382,
            -0.18324205653693157
        ]
    }
}
