{
    "flower": {
        "3": [
            -6.381651583474816,
            8.774518187358503,
            -6.3816484429016835,
            -6.3816484429016835,
            0.0,
            -6.3816484429016835,
            -6.3816484429016835,
            -6.3816484429016835,
            8.774518187358503,
            8.774518187358503,
            -3.9887797453025313
        ],
        "4": [
            -6.1506673749171625,
            -4.9209225599082105,
            -4.736786618242838,
            -3.616480944239505,
            0.0,
            -3.335903392150663,
            -2.943431359045367,
            -2.3114783360833324,
            9.98326719802531,
            8.910251752214005,
            -2.280537908586934
        ],
        "5": [
            0.5961325876641907,
            1.6047349391439005,
            0.5961325876641907,
            0.5961325876641907,
            0.0,
            0.0,
            0.0,
            0.0,
            1.6047349391439005,
            1.6047349391439005,
            1.320520516084858
        ]
    },
    "plume": {
        "3": [
            0.0,
            1.323537851728158,
            0.0,
            0.0,
            0.0,
            0.0,
            0.0,
            0.0,
            1.323537851728158,
            1.323537851728158,
            1.323537851728158
        ]
    },
    "sands": {
        "3": [
            0.0,
            1.323537851728158,
            0.0,
            0.0,
            0.0,
            0.0,
            0.0,
            0.0,
            1.323537851728158,
            1.323537851728158,
            1.323537851728158
        ]
    },
    "goblet": {
        "3": [
            0.0,
            1.323537851728158,
            0.0,
            0.0,
            0.0,
            0.0,
            0.0,
            0.0,
            1.323537851728158,
            1.323537851728158,
            1.323537851728158
        ]
    },
    "circlet": {
        "3": [
            1.323537851728158,
            1.323537851728158,
            0.0,
            0.0,
            0.0,
            0.0,
            0.0,
            0.0,
            0.0,
            1.323537851728158,
            1.323537851728158
        ]
    }
}